dog_name,filename,filepath,timestamp
millie,millie_1.jpg,dog_images/millie/millie_1.jpg,2025-06-20T15:53:59.505824
millie,millie_2.jpg,dog_images/millie/millie_2.jpg,2025-06-20T15:54:03.903864
millie,millie_3.jpg,dog_images/millie/millie_3.jpg,2025-06-20T15:54:08.160156
millie,millie_4.jpg,dog_images/millie/millie_4.jpg,2025-06-20T15:54:12.503543
millie,millie_5.jpg,dog_images/millie/millie_5.jpg,2025-06-20T15:54:16.517585
millie,millie_6.jpg,dog_images/millie/millie_6.jpg,2025-06-20T15:54:26.877352
millie,millie_7.jpg,dog_images/millie/millie_7.jpg,2025-06-20T15:54:30.491780
millie,millie_8.jpg,dog_images/millie/millie_8.jpg,2025-06-20T15:54:35.791218
millie,millie_9.jpg,dog_images/millie/millie_9.jpg,2025-06-20T15:54:53.990609
millie,millie_10.jpg,dog_images/millie/millie_10.jpg,2025-06-20T15:55:01.039969
millie,millie_11.jpg,dog_images/millie/millie_11.jpg,2025-06-20T15:55:07.716309
millie,millie_12.jpg,dog_images/millie/millie_12.jpg,2025-06-20T15:55:14.278506
millie,millie_13.jpg,dog_images/millie/millie_13.jpg,2025-06-20T15:55:19.726258
millie,millie_14.jpg,dog_images/millie/millie_14.jpg,2025-06-20T15:56:32.082000
millie,millie_15.jpg,dog_images/millie/millie_15.jpg,2025-06-20T15:56:40.763081
millie,millie_16.jpg,dog_images/millie/millie_16.jpg,2025-06-20T15:56:45.430367
millie,millie_17.jpg,dog_images/millie/millie_17.jpg,2025-06-20T15:56:53.564880
millie,millie_18.jpg,dog_images/millie/millie_18.jpg,2025-06-20T15:56:58.117968
gomi,gomi_1.jpg,dog_images/gomi/gomi_1.jpg,2025-06-20T15:57:42.585447
gomi,gomi_2.jpg,dog_images/gomi/gomi_2.jpg,2025-06-20T15:57:49.035825
gomi,gomi_3.jpg,dog_images/gomi/gomi_3.jpg,2025-06-20T15:57:53.203730
gomi,gomi_4.jpg,dog_images/gomi/gomi_4.jpg,2025-06-20T15:57:56.934180
millie,millie_19.jpg,dog_images/millie/millie_19.jpg,2025-06-20T16:17:11.390761
millie,millie_20.jpg,dog_images/millie/millie_20.jpg,2025-06-20T16:18:09.043895
millie,millie_21.jpg,dog_images/millie/millie_21.jpg,2025-06-20T16:18:14.244562
millie,millie_22.jpg,dog_images/millie/millie_22.jpg,2025-06-20T16:18:19.354014
